"Fecha","Último","Apertura","Máximo","Mínimo","% var."
"31.12.2025","68,292","68,292","68,292","68,292","0,15%"
"30.12.2025","68,192","68,192","68,192","68,192","-0,04%"
"29.12.2025","68,222","68,222","68,222","68,222","0,23%"
"26.12.2025","68,067","68,067","68,067","68,058","0,01%"
"24.12.2025","68,058","68,058","68,058","68,058","-0,02%"
"23.12.2025","68,072","68,072","68,072","68,072","0,24%"
"22.12.2025","67,911","67,911","67,911","67,911","-0,15%"
"19.12.2025","68,013","68,013","68,236","68,013","-0,33%"
"18.12.2025","68,236","68,236","68,236","68,236","-0,03%"
"17.12.2025","68,256","68,256","68,256","68,008","0,36%"
"16.12.2025","68,008","68,008","68,008","68,008","-0,19%"
"15.12.2025","68,134","68,134","68,134","68,134","0,29%"
"12.12.2025","67,938","67,938","67,938","67,938","-0,37%"
"11.12.2025","68,188","68,188","68,188","68,188","0,21%"
"10.12.2025","68,046","68,046","68,046","68,046","-0,09%"
"09.12.2025","68,110","68,110","68,110","68,110","0,29%"
"08.12.2025","67,915","67,915","67,915","67,915","-0,44%"
"05.12.2025","68,214","68,214","68,214","68,214","-0,33%"
"04.12.2025","68,439","68,439","68,439","68,439","0,15%"
"03.12.2025","68,335","68,335","68,335","68,335","0,40%"
"02.12.2025","68,059","68,059","68,059","68,059","-0,01%"
"01.12.2025","68,067","68,067","68,067","68,067","-0,25%"
"28.11.2025","68,240","68,240","68,240","68,240","0,09%"
"27.11.2025","68,180","68,180","68,180","68,180","-0,13%"
"26.11.2025","68,269","68,269","68,269","68,269","0,61%"
"25.11.2025","67,858","67,858","67,858","67,858","0,41%"
"24.11.2025","67,579","67,579","67,579","67,579","-0,07%"
"21.11.2025","67,624","67,624","67,624","67,336","0,43%"
"20.11.2025","67,336","67,336","67,336","67,336","0,20%"
"19.11.2025","67,201","67,201","67,201","67,201","-0,52%"
"18.11.2025","67,550","67,550","67,550","67,550","-0,06%"
"17.11.2025","67,589","67,589","67,589","67,589","0,29%"
"14.11.2025","67,394","67,394","67,394","67,394","-1,10%"
"13.11.2025","68,143","68,143","68,143","68,143","-0,28%"
"12.11.2025","68,337","68,337","68,337","68,337","-0,19%"
"11.11.2025","68,464","68,464","68,464","68,464","0,60%"
"10.11.2025","68,058","68,058","68,058","68,058","0,08%"
"07.11.2025","68,006","68,006","68,123","68,006","-0,17%"
"06.11.2025","68,123","68,123","68,123","68,123","0,24%"
"05.11.2025","67,961","67,961","67,961","67,961","-0,49%"
"04.11.2025","68,296","68,296","68,296","68,296","0,28%"
"03.11.2025","68,102","68,102","68,102","68,102","-0,25%"
"31.10.2025","68,272","68,272","68,272","68,272","-0,07%"
"30.10.2025","68,319","68,319","68,341","68,319","-0,03%"
"29.10.2025","68,341","68,341","68,341","68,341","0,01%"
"28.10.2025","68,335","68,335","68,335","68,335","0,07%"
"27.10.2025","68,290","68,290","68,290","68,290","0,24%"
"24.10.2025","68,124","68,124","68,149","68,124","-0,04%"
"23.10.2025","68,149","68,149","68,149","68,149","-0,02%"
"22.10.2025","68,166","68,166","68,166","67,621","0,52%"
"21.10.2025","67,810","67,810","67,810","67,466","0,28%"
"20.10.2025","67,621","67,621","67,621","67,466","0,23%"
"17.10.2025","67,466","67,466","67,583","67,466","-0,17%"
"16.10.2025","67,583","67,583","67,583","67,583","0,18%"
"15.10.2025","67,462","67,462","67,462","67,462","0,41%"
"14.10.2025","67,183","67,183","67,183","66,768","0,62%"
"13.10.2025","66,768","66,768","66,768","66,768","0,07%"
"10.10.2025","66,719","66,719","66,719","66,309","0,62%"
"09.10.2025","66,309","66,309","66,309","66,309","-0,25%"
"08.10.2025","66,477","66,477","66,477","66,477","0,19%"
"07.10.2025","66,353","66,353","66,353","66,353","-0,09%"
"06.10.2025","66,414","66,414","66,414","66,414","-0,23%"
"03.10.2025","66,566","66,566","66,566","66,469","0,15%"
"02.10.2025","66,469","66,469","66,547","66,469","-0,12%"
"01.10.2025","66,547","66,547","66,547","66,505","0,06%"
"30.09.2025","66,505","66,505","66,505","66,505","-0,02%"
"29.09.2025","66,517","66,517","66,517","66,517","0,38%"
"26.09.2025","66,265","66,265","66,640","66,265","-0,05%"
"25.09.2025","66,296","66,296","66,640","66,296","-0,52%"
"24.09.2025","66,640","66,640","66,640","66,640","0,14%"
"23.09.2025","66,547","66,547","66,547","66,343","0,16%"
"22.09.2025","66,441","66,441","66,441","66,343","0,15%"
"19.09.2025","66,343","66,343","66,876","66,343","-0,40%"
"18.09.2025","66,613","66,613","66,876","66,613","-0,39%"
"17.09.2025","66,876","66,876","66,876","66,745","0,20%"
"16.09.2025","66,745","66,745","66,762","66,636","-0,03%"
"15.09.2025","66,762","66,762","66,762","66,636","0,19%"
"12.09.2025","66,636","66,636","66,856","66,636","-0,33%"
"11.09.2025","66,856","66,856","66,856","66,687","0,25%"
"10.09.2025","66,687","66,687","66,687","66,687","-0,09%"
"09.09.2025","66,745","66,745","66,745","66,745","-0,14%"
"08.09.2025","66,836","66,836","66,836","66,617","0,33%"
"05.09.2025","66,617","66,617","66,617","66,160","0,69%"
"04.09.2025","66,160","66,160","66,160","66,160","0,10%"
"03.09.2025","66,092","66,092","66,092","66,092","0,53%"
"02.09.2025","65,745","65,745","65,992","65,745","-0,37%"
"01.09.2025","65,992","65,992","65,992","65,992","-0,25%"
"29.08.2025","66,159","66,159","66,159","66,159","-0,15%"
"28.08.2025","66,261","66,261","66,261","66,052","0,14%"
"27.08.2025","66,167","66,167","66,167","66,052","0,17%"
"26.08.2025","66,052","66,052","66,052","66,052","-0,47%"
"25.08.2025","66,367","66,367","66,367","66,367","0,02%"
"22.08.2025","66,353","66,353","66,353","66,353","0,32%"
"21.08.2025","66,142","66,142","66,142","66,142","-0,42%"
"20.08.2025","66,418","66,418","66,418","66,418","0,50%"
"19.08.2025","66,090","66,090","66,090","66,090","0,08%"
"18.08.2025","66,039","66,039","66,039","66,039","-0,46%"
"15.08.2025","66,344","66,344","66,344","66,344","-0,41%"
"14.08.2025","66,614","66,614","66,614","66,614","-0,47%"
"13.08.2025","66,927","66,927","66,927","66,927","0,31%"
"12.08.2025","66,718","66,718","66,718","66,718","-0,51%"
"11.08.2025","67,063","67,063","67,063","67,063","0,30%"
"08.08.2025","66,862","66,862","66,862","66,862","-0,43%"
"07.08.2025","67,152","67,152","67,286","67,152","-0,20%"
"06.08.2025","67,286","67,286","67,286","67,286","-0,10%"
"05.08.2025","67,356","67,356","67,356","67,138","0,02%"
"04.08.2025","67,342","67,342","67,342","67,138","0,30%"
"01.08.2025","67,138","67,138","67,138","66,994","0,22%"
"31.07.2025","66,994","66,994","66,994","66,994","0,23%"
"30.07.2025","66,839","66,839","66,839","66,839","0,13%"
"29.07.2025","66,751","66,751","66,751","66,751","0,23%"
"28.07.2025","66,596","66,596","66,596","66,596","-0,01%"
"25.07.2025","66,601","66,601","66,601","66,601","-0,00%"
"24.07.2025","66,604","66,604","66,604","66,604","-0,10%"
"23.07.2025","66,674","66,674","66,929","66,674","-0,38%"
"22.07.2025","66,929","66,929","66,929","66,929","0,32%"
"21.07.2025","66,717","66,717","66,717","66,717","0,63%"
"18.07.2025","66,302","66,302","66,302","66,302","-0,30%"
"17.07.2025","66,498","66,498","66,555","66,498","-0,09%"
"16.07.2025","66,555","66,555","66,555","66,555","-0,03%"
"15.07.2025","66,573","66,573","66,573","66,573","-0,28%"
"14.07.2025","66,762","66,762","66,762","66,652","0,16%"
"11.07.2025","66,652","66,652","66,652","66,652","-0,20%"
"10.07.2025","66,785","66,785","66,785","66,759","0,04%"
"09.07.2025","66,759","66,759","66,759","66,759","0,25%"
"08.07.2025","66,591","66,591","67,076","66,591","-0,48%"
"07.07.2025","66,916","66,916","67,076","66,916","-0,24%"
"04.07.2025","67,076","67,076","67,076","67,076","0,01%"
"03.07.2025","67,072","67,072","67,072","67,072","0,35%"
"02.07.2025","66,840","66,840","67,701","66,840","-1,27%"
"01.07.2025","67,701","67,701","67,701","67,385","0,47%"
"30.06.2025","67,385","67,385","67,385","67,385","0,03%"
"27.06.2025","67,362","67,362","67,362","67,362","-0,21%"
"26.06.2025","67,505","67,505","67,523","67,505","-0,03%"
"25.06.2025","67,523","67,523","67,523","67,523","-0,28%"
"24.06.2025","67,715","67,715","67,715","67,538","0,26%"
"23.06.2025","67,538","67,538","67,538","67,538","0,40%"
"20.06.2025","67,269","67,269","67,440","67,267","0,00%"
"19.06.2025","67,267","67,267","67,440","67,267","-0,26%"
"18.06.2025","67,440","67,440","67,440","67,440","0,30%"
"17.06.2025","67,241","67,241","67,314","67,212","-0,11%"
"16.06.2025","67,314","67,314","67,314","67,212","0,15%"
"13.06.2025","67,212","67,212","67,537","67,138","-0,48%"
"12.06.2025","67,537","67,537","67,537","67,138","0,59%"
"11.06.2025","67,138","67,138","67,222","67,138","-0,12%"
"10.06.2025","67,222","67,222","67,222","67,222","0,74%"
"09.06.2025","66,726","66,726","66,726","66,726","-0,01%"
"06.06.2025","66,734","66,734","66,764","66,734","-0,03%"
"05.06.2025","66,755","66,755","66,764","66,755","-0,01%"
"04.06.2025","66,764","66,764","66,764","66,764","0,02%"
"03.06.2025","66,750","66,750","66,750","66,476","0,33%"
"02.06.2025","66,529","66,529","66,529","66,476","0,08%"
"30.05.2025","66,476","66,476","66,476","66,476","-0,06%"
"29.05.2025","66,515","66,515","66,515","66,111","0,61%"
"28.05.2025","66,111","66,111","66,111","66,111","-0,23%"
"27.05.2025","66,264","66,264","66,264","66,264","0,26%"
"26.05.2025","66,090","66,090","66,090","66,074","0,02%"
"23.05.2025","66,074","66,074","66,074","65,753","0,49%"
"22.05.2025","65,753","65,753","65,877","65,753","-0,19%"
"21.05.2025","65,877","65,877","65,877","65,877","-0,49%"
"20.05.2025","66,203","66,203","66,203","66,203","-0,42%"
"19.05.2025","66,483","66,483","66,483","66,483","-0,05%"
"16.05.2025","66,519","66,519","66,519","66,519","0,21%"
"15.05.2025","66,380","66,380","66,380","66,103","0,42%"
"14.05.2025","66,103","66,103","66,103","66,103","-0,54%"
"13.05.2025","66,462","66,462","66,462","66,462","-0,15%"
"12.05.2025","66,559","66,559","66,937","66,559","-0,56%"
"09.05.2025","66,937","66,937","66,937","66,937","-0,30%"
"08.05.2025","67,140","67,140","67,140","67,140","-0,50%"
"07.05.2025","67,479","67,479","67,479","67,479","0,51%"
"06.05.2025","67,135","67,135","67,135","67,135","-0,23%"
"05.05.2025","67,290","67,290","67,290","67,269","0,03%"
"02.05.2025","67,269","67,269","67,509","67,269","-0,36%"
"01.05.2025","67,509","67,509","67,509","67,509","-0,05%"
"30.04.2025","67,546","67,546","67,546","67,392","0,23%"
"29.04.2025","67,392","67,392","67,392","67,290","0,15%"
"28.04.2025","67,290","67,290","67,290","67,290","-0,13%"
"25.04.2025","67,376","67,376","67,376","67,376","0,06%"
"24.04.2025","67,335","67,335","67,335","66,897","0,57%"
"23.04.2025","66,955","66,955","66,955","66,897","0,09%"
"22.04.2025","66,897","66,897","66,897","66,897","0,00%"
"21.04.2025","66,894","66,894","66,894","66,894","0,03%"
"17.04.2025","66,874","66,874","66,874","66,617","0,39%"
"16.04.2025","66,617","66,617","66,617","66,617","0,34%"
"15.04.2025","66,389","66,389","66,435","66,389","-0,07%"
"14.04.2025","66,435","66,435","66,435","66,435","0,82%"
"11.04.2025","65,894","65,894","66,517","65,858","-0,94%"
"10.04.2025","66,517","66,517","66,638","65,858","1,00%"
"09.04.2025","65,858","65,858","66,638","65,858","-1,17%"
"08.04.2025","66,638","66,638","66,638","66,638","-0,12%"
"07.04.2025","66,716","66,716","67,633","66,716","-1,36%"
"04.04.2025","67,633","67,633","67,633","66,727","0,49%"
"03.04.2025","67,307","67,307","67,307","66,656","0,87%"
"02.04.2025","66,727","66,727","66,727","66,656","0,11%"
"01.04.2025","66,656","66,656","66,656","66,656","0,30%"
"31.03.2025","66,458","66,458","66,458","66,458","0,21%"
"28.03.2025","66,317","66,317","66,317","66,317","0,64%"
"27.03.2025","65,893","65,893","65,893","65,893","-0,54%"
"26.03.2025","66,249","66,249","66,249","66,249","0,40%"
"25.03.2025","65,984","65,984","65,984","65,984","-0,27%"
"24.03.2025","66,164","66,164","66,164","66,164","-0,23%"
"21.03.2025","66,315","66,315","66,315","66,315","-0,43%"
"20.03.2025","66,599","66,599","66,599","66,599","-0,26%"
"19.03.2025","66,775","66,775","66,775","66,775","0,15%"
"18.03.2025","66,675","66,675","66,675","66,675","-0,14%"
"17.03.2025","66,767","66,767","66,767","66,767","0,40%"
"14.03.2025","66,503","66,503","66,503","66,503","0,22%"
"13.03.2025","66,355","66,355","66,355","66,355","0,31%"
"12.03.2025","66,153","66,153","66,153","66,153","-0,50%"
"11.03.2025","66,485","66,485","66,485","66,485","-0,36%"
"10.03.2025","66,723","66,723","66,723","66,723","0,15%"
"07.03.2025","66,621","66,621","66,621","66,621","0,50%"
"06.03.2025","66,289","66,289","66,289","66,289","-0,11%"
"05.03.2025","66,359","66,359","66,359","66,359","-1,46%"
"04.03.2025","67,343","67,343","67,343","67,343","0,52%"
"03.03.2025","66,995","66,995","66,995","66,995","-0,56%"
"28.02.2025","67,372","67,372","67,372","67,372","0,45%"
"27.02.2025","67,067","67,067","67,067","67,067","-0,18%"
"26.02.2025","67,188","67,188","67,188","67,188","-0,03%"
"25.02.2025","67,207","67,207","67,207","67,207","0,47%"
"24.02.2025","66,894","66,894","66,894","66,894","0,25%"
"21.02.2025","66,728","66,728","66,728","66,728","0,34%"
"20.02.2025","66,499","66,499","66,499","66,499","-0,09%"
"19.02.2025","66,558","66,558","66,558","66,558","-0,41%"
"18.02.2025","66,830","66,830","66,830","66,830","-0,31%"
"17.02.2025","67,036","67,036","67,036","67,036","-0,24%"
"14.02.2025","67,196","67,196","67,196","67,196","-0,11%"
"13.02.2025","67,267","67,267","67,267","67,267","0,75%"
"12.02.2025","66,768","66,768","66,768","66,768","-0,42%"
"11.02.2025","67,048","67,048","67,048","67,048","-0,49%"
"10.02.2025","67,379","67,379","67,379","67,379","0,20%"
"07.02.2025","67,243","67,243","67,243","67,243","-0,21%"
"06.02.2025","67,381","67,381","67,381","67,381","-0,18%"
"05.02.2025","67,501","67,501","67,501","67,501","0,88%"
"04.02.2025","66,909","66,909","66,909","66,909","-0,37%"
"03.02.2025","67,155","67,155","67,155","67,155","0,38%"
"31.01.2025","66,900","66,900","66,900","66,900","0,16%"
"30.01.2025","66,794","66,794","66,794","66,794","0,33%"
"29.01.2025","66,577","66,577","66,577","66,577","0,13%"
"28.01.2025","66,489","66,489","66,489","66,489","-0,29%"
"27.01.2025","66,679","66,679","66,679","66,679","0,51%"
"24.01.2025","66,339","66,339","66,339","66,339","-0,06%"
"23.01.2025","66,379","66,379","66,379","66,379","-0,01%"
"22.01.2025","66,386","66,386","66,386","66,386","-0,20%"
"21.01.2025","66,521","66,521","66,521","66,521","0,51%"
"20.01.2025","66,182","66,182","66,182","66,182","-0,08%"
"17.01.2025","66,232","66,232","66,232","66,232","0,23%"
"16.01.2025","66,082","66,082","66,082","66,082","0,39%"
"15.01.2025","65,823","65,823","65,823","65,823","1,42%"
"14.01.2025","64,901","64,901","64,901","64,901","-0,10%"
"13.01.2025","64,965","64,965","64,965","64,965","-0,13%"
"10.01.2025","65,052","65,052","65,052","65,052","-0,31%"
"09.01.2025","65,256","65,256","65,256","65,256","-0,02%"
"08.01.2025","65,268","65,268","65,268","65,268","-0,91%"
"07.01.2025","65,871","65,871","65,871","65,871","-0,48%"
"06.01.2025","66,186","66,186","66,186","66,186","-0,22%"
"03.01.2025","66,334","66,334","66,334","66,334","-0,08%"
"02.01.2025","66,389","66,389","66,389","66,389","-0,12%"
"31.12.2024","66,468","66,468","66,468","66,468","0,24%"
"30.12.2024","66,312","66,312","66,312","66,312","0,27%"
"27.12.2024","66,136","66,136","66,136","66,136","-0,17%"
"26.12.2024","66,251","66,251","66,251","66,251","0,01%"
"24.12.2024","66,244","66,244","66,244","66,244","-0,37%"
"23.12.2024","66,492","66,492","66,492","66,492","-0,37%"
"20.12.2024","66,739","66,739","66,739","66,739","0,59%"
"19.12.2024","66,350","66,350","66,350","66,350","-0,41%"
"18.12.2024","66,624","66,624","66,624","66,624","-0,22%"
"17.12.2024","66,772","66,772","66,772","66,772","-0,70%"
"16.12.2024","67,242","67,242","67,242","67,242","-0,24%"
"13.12.2024","67,401","67,401","67,401","67,401","-0,43%"
"12.12.2024","67,693","67,693","67,693","67,693","-0,24%"
"11.12.2024","67,853","67,853","67,853","67,853","0,02%"
"10.12.2024","67,841","67,841","67,841","67,841","-0,44%"
"09.12.2024","68,144","68,144","68,144","68,144","0,07%"
"06.12.2024","68,096","68,096","68,096","68,096","-0,07%"
"05.12.2024","68,146","68,146","68,146","68,146","-0,32%"
"04.12.2024","68,367","68,367","68,367","68,367","-0,01%"
"03.12.2024","68,377","68,377","68,377","68,377","-0,18%"
"02.12.2024","68,500","68,500","68,500","68,500","0,18%"
"29.11.2024","68,374","68,374","68,374","68,374","0,30%"
"28.11.2024","68,172","68,172","68,172","68,172","0,28%"
"27.11.2024","67,985","67,985","67,985","67,985","0,40%"
"26.11.2024","67,717","67,717","67,717","67,717","-0,30%"
"25.11.2024","67,920","67,920","67,920","67,920","0,58%"
"22.11.2024","67,530","67,530","67,530","67,530","0,41%"
"21.11.2024","67,251","67,251","67,251","67,251","0,29%"
"20.11.2024","67,060","67,060","67,060","67,060","-0,47%"
"19.11.2024","67,374","67,374","67,374","67,374","0,44%"
"18.11.2024","67,078","67,078","67,078","67,078","0,08%"
"15.11.2024","67,023","67,023","67,023","67,023","0,09%"
"14.11.2024","66,961","66,961","66,961","66,961","0,02%"
"13.11.2024","66,947","66,947","66,947","66,947","-0,23%"
"12.11.2024","67,100","67,100","67,100","67,100","-0,36%"
"11.11.2024","67,345","67,345","67,345","67,345","0,27%"
"08.11.2024","67,164","67,164","67,164","67,164","0,55%"
"07.11.2024","66,794","66,794","66,794","66,794","0,58%"
"06.11.2024","66,411","66,411","66,411","66,411","-0,47%"
"05.11.2024","66,725","66,725","66,725","66,725","-0,53%"
"04.11.2024","67,078","67,078","67,078","67,078","0,05%"
"01.11.2024","67,047","67,047","67,047","67,047","-0,25%"
"31.10.2024","67,216","67,216","67,216","67,216","-0,53%"
"30.10.2024","67,572","67,572","67,572","67,572","-0,46%"
"29.10.2024","67,884","67,884","67,884","67,884","-0,35%"
"28.10.2024","68,122","68,122","68,122","68,122","-0,37%"
"25.10.2024","68,376","68,376","68,376","68,376","0,15%"
"24.10.2024","68,274","68,274","68,274","68,274","0,02%"
"23.10.2024","68,259","68,259","68,259","68,259","-0,46%"
"22.10.2024","68,577","68,577","68,577","68,577","-0,31%"
"21.10.2024","68,790","68,790","68,790","68,790","-0,57%"
"18.10.2024","69,183","69,183","69,183","69,183","0,30%"
"17.10.2024","68,976","68,976","68,976","68,976","-0,38%"
"16.10.2024","69,237","69,237","69,237","69,237","0,96%"
"15.10.2024","68,578","68,578","68,578","68,578","0,83%"
"14.10.2024","68,011","68,011","68,011","68,011","-0,18%"
"11.10.2024","68,137","68,137","68,137","68,137","0,15%"
"10.10.2024","68,038","68,038","68,038","68,038","-0,39%"
"09.10.2024","68,307","68,307","68,307","68,307","0,06%"
"08.10.2024","68,264","68,264","68,264","68,264","0,06%"
"07.10.2024","68,221","68,221","68,221","68,221","-0,53%"
"04.10.2024","68,583","68,583","68,583","68,583","-0,95%"
"03.10.2024","69,238","69,238","69,238","69,238","0,22%"
"02.10.2024","69,083","69,083","69,083","69,083","-0,89%"
"01.10.2024","69,707","69,707","69,707","69,707","0,67%"
"30.09.2024","69,242","69,242","69,242","69,242","-0,05%"
"27.09.2024","69,276","69,276","69,276","69,276","0,12%"
"26.09.2024","69,190","69,190","69,190","69,190","-0,26%"
"25.09.2024","69,371","69,371","69,371","69,371","-0,52%"
"24.09.2024","69,735","69,735","69,735","69,735","0,04%"
"23.09.2024","69,707","69,707","69,707","69,707","-0,14%"
"20.09.2024","69,807","69,807","69,807","69,807","-0,23%"
"19.09.2024","69,972","69,972","69,972","69,972","-0,39%"
"18.09.2024","70,244","70,244","70,244","70,244","-0,62%"
"17.09.2024","70,680","70,680","70,680","70,680","-0,11%"
"16.09.2024","70,761","70,761","70,761","70,761","0,19%"
"13.09.2024","70,626","70,626","70,626","70,626","0,15%"
"12.09.2024","70,522","70,522","70,522","70,522","-0,28%"
"11.09.2024","70,722","70,722","70,722","70,722","0,64%"
"10.09.2024","70,272","70,272","70,272","70,272","0,24%"
"09.09.2024","70,106","70,106","70,106","70,106","0,13%"
"06.09.2024","70,017","70,017","70,017","70,017","0,28%"
"05.09.2024","69,821","69,821","69,821","69,821","0,07%"
"04.09.2024","69,771","69,771","69,771","69,771","0,46%"
"03.09.2024","69,451","69,451","69,451","69,451","0,60%"
"02.09.2024","69,036","69,036","69,036","69,036","-0,38%"
"30.08.2024","69,300","69,300","69,300","69,300","0,25%"
"29.08.2024","69,129","69,129","69,129","69,129","-0,21%"
"28.08.2024","69,277","69,277","69,277","69,277","-0,07%"
"27.08.2024","69,326","69,326","69,326","69,326","-0,59%"
"26.08.2024","69,737","69,737","69,737","69,737","0,02%"
"23.08.2024","69,721","69,721","69,721","69,721","0,54%"
"22.08.2024","69,348","69,348","69,348","69,348","-0,56%"
"21.08.2024","69,739","69,739","69,739","69,739","0,09%"
"20.08.2024","69,673","69,673","69,673","69,673","0,27%"
"19.08.2024","69,482","69,482","69,482","69,482","-0,14%"
"16.08.2024","69,578","69,578","69,578","69,578","0,07%"
"15.08.2024","69,526","69,526","69,526","69,526","-0,87%"
"14.08.2024","70,136","70,136","70,136","70,136","0,56%"
"13.08.2024","69,744","69,744","69,744","69,744","0,51%"
"12.08.2024","69,388","69,388","69,388","69,388","0,02%"
"09.08.2024","69,371","69,371","69,371","69,371","0,20%"
"08.08.2024","69,234","69,234","69,234","69,234","-0,01%"
"07.08.2024","69,238","69,238","69,238","69,238","-0,48%"
"06.08.2024","69,571","69,571","69,571","69,571","-0,43%"
"05.08.2024","69,870","69,870","69,870","69,870","0,02%"
"02.08.2024","69,855","69,855","69,855","69,855","0,25%"
"01.08.2024","69,679","69,679","69,679","69,679","0,95%"
"31.07.2024","69,026","69,026","69,026","69,026","0,50%"
"30.07.2024","68,684","68,684","68,684","68,684","0,12%"
"29.07.2024","68,599","68,599","68,599","68,599","0,50%"
"26.07.2024","68,260","68,260","68,260","68,260","0,13%"
"25.07.2024","68,174","68,174","68,174","68,174","0,10%"
"24.07.2024","68,108","68,108","68,108","68,108","-0,08%"
"23.07.2024","68,164","68,164","68,164","68,164","0,02%"
"22.07.2024","68,149","68,149","68,149","68,149","-0,13%"
"19.07.2024","68,235","68,235","68,235","68,235","-0,75%"
"18.07.2024","68,753","68,753","68,753","68,753","0,29%"
"17.07.2024","68,557","68,557","68,557","68,557","-0,01%"
"16.07.2024","68,564","68,564","68,564","68,564","0,30%"
"15.07.2024","68,357","68,357","68,357","68,357","0,15%"
"12.07.2024","68,256","68,256","68,256","68,256","-0,30%"
"11.07.2024","68,461","68,461","68,461","68,461","0,54%"
"10.07.2024","68,090","68,090","68,090","68,090","0,30%"
"09.07.2024","67,884","67,884","67,884","67,884","-0,52%"
"08.07.2024","68,237","68,237","68,237","68,237","0,16%"
"05.07.2024","68,124","68,124","68,124","68,124","0,64%"
"04.07.2024","67,690","67,690","67,690","67,690","-0,33%"
"03.07.2024","67,914","67,914","67,914","67,914","0,74%"
"02.07.2024","67,417","67,417","67,417","67,417","0,27%"
"01.07.2024","67,236","67,236","67,236","67,236","-0,85%"
"28.06.2024","67,813","67,813","67,813","67,813","-0,43%"
"27.06.2024","68,103","68,103","68,103","68,103","0,09%"
"26.06.2024","68,045","68,045","68,045","68,045","-0,62%"
"25.06.2024","68,469","68,469","68,469","68,469","0,17%"
"24.06.2024","68,354","68,354","68,354","68,354","-0,15%"
"20.06.2024","68,459","68,459","68,459","68,459","-0,11%"
"18.06.2024","68,537","68,537","68,537","68,537","-0,04%"
"14.06.2024","68,563","68,563","68,563","68,563","0,99%"
"13.06.2024","67,893","67,893","67,893","67,893","-0,14%"
"12.06.2024","67,991","67,991","67,991","67,991","1,14%"
"11.06.2024","67,227","67,227","67,227","67,227","0,39%"
"10.06.2024","66,969","66,969","66,969","66,969","-0,61%"
"07.06.2024","67,378","67,378","67,378","67,378","-0,70%"
"06.06.2024","67,856","67,856","67,856","67,856","0,05%"
"05.06.2024","67,825","67,825","67,825","67,825","0,03%"
"04.06.2024","67,804","67,804","67,804","67,804","0,52%"
"03.06.2024","67,454","67,454","67,454","67,454","0,69%"
"31.05.2024","66,990","66,990","66,990","66,990","0,64%"
"30.05.2024","66,563","66,563","66,563","66,563","0,26%"
"29.05.2024","66,388","66,388","66,388","66,388","-1,09%"
"28.05.2024","67,122","67,122","67,122","67,122","-0,14%"
"27.05.2024","67,219","67,219","67,219","67,219","0,03%"
"24.05.2024","67,201","67,201","67,201","67,201","0,02%"
"23.05.2024","67,191","67,191","67,191","67,191","-0,29%"
"22.05.2024","67,386","67,386","67,386","67,386","-0,64%"
"21.05.2024","67,820","67,820","67,820","67,820","0,23%"
"20.05.2024","67,663","67,663","67,663","67,663","-0,43%"
"17.05.2024","67,957","67,957","67,957","67,957","-0,61%"
"16.05.2024","68,372","68,372","68,372","68,372","0,02%"
"15.05.2024","68,361","68,361","68,361","68,361","1,03%"
"14.05.2024","67,665","67,665","67,665","67,665","0,03%"
"13.05.2024","67,645","67,645","67,645","67,645","-0,00%"
"10.05.2024","67,646","67,646","67,646","67,646","-0,18%"
"09.05.2024","67,767","67,767","67,767","67,767","-0,14%"
"08.05.2024","67,865","67,865","67,865","67,865","0,04%"
"07.05.2024","67,837","67,837","67,837","67,837","0,99%"
"06.05.2024","67,168","67,168","67,168","67,168","0,03%"
"03.05.2024","67,149","67,149","67,149","67,149","0,53%"
"02.05.2024","66,792","66,792","66,792","66,792","0,54%"
"01.05.2024","66,431","66,431","66,431","66,431","-0,11%"
"30.04.2024","66,501","66,501","66,501","66,501","-0,61%"
"29.04.2024","66,908","66,908","66,908","66,908","0,34%"
"26.04.2024","66,680","66,680","66,680","66,680","0,39%"
"25.04.2024","66,425","66,425","66,425","66,425","-0,25%"
"24.04.2024","66,593","66,593","66,593","66,593","-0,66%"
"23.04.2024","67,037","67,037","67,037","67,037","-0,46%"
"22.04.2024","67,347","67,347","67,347","67,347","0,46%"
"19.04.2024","67,040","67,040","67,040","67,040","0,06%"
"18.04.2024","67,002","67,002","67,002","67,002","0,10%"
"17.04.2024","66,933","66,933","66,933","66,933","0,29%"
"16.04.2024","66,738","66,738","66,738","66,738","-0,36%"
"15.04.2024","66,977","66,977","66,977","66,977","-1,01%"
"12.04.2024","67,659","67,659","67,659","67,659","0,77%"
"11.04.2024","67,139","67,139","67,139","67,139","-0,82%"
"10.04.2024","67,696","67,696","67,696","67,696","-0,87%"
"09.04.2024","68,292","68,292","68,292","68,292","0,64%"
"08.04.2024","67,855","67,855","67,855","67,855","-0,12%"
"05.04.2024","67,936","67,936","67,936","67,936","-0,56%"
"04.04.2024","68,321","68,321","68,321","68,321","0,55%"
"03.04.2024","67,948","67,948","67,948","67,948","0,03%"
"02.04.2024","67,925","67,925","67,925","67,925","-1,43%"
"01.04.2024","68,908","68,908","68,908","68,908","0,03%"
"28.03.2024","68,887","68,887","68,887","68,887","0,15%"
"27.03.2024","68,784","68,784","68,784","68,784","0,21%"
"26.03.2024","68,638","68,638","68,638","68,638","0,25%"
"25.03.2024","68,467","68,467","68,467","68,467","-0,43%"
"22.03.2024","68,762","68,762","68,762","68,762","0,43%"
"21.03.2024","68,470","68,470","68,470","68,470","0,06%"
"20.03.2024","68,430","68,430","68,430","68,430","0,34%"
"19.03.2024","68,196","68,196","68,196","68,196","0,22%"
"18.03.2024","68,049","68,049","68,049","68,049","0,17%"
"15.03.2024","67,935","67,935","67,935","67,935","-0,10%"
"14.03.2024","68,002","68,002","68,002","68,002","-0,63%"
"13.03.2024","68,435","68,435","68,435","68,435","-0,57%"
"12.03.2024","68,829","68,829","68,829","68,829","0,12%"
"11.03.2024","68,744","68,744","68,744","68,744","0,13%"
"08.03.2024","68,656","68,656","68,656","68,656","0,13%"
"07.03.2024","68,570","68,570","68,570","68,570","0,14%"
"06.03.2024","68,474","68,474","68,474","68,474","0,05%"
"05.03.2024","68,442","68,442","68,442","68,442","1,10%"
"04.03.2024","67,701","67,701","67,701","67,701","-0,25%"
"01.03.2024","67,871","67,871","67,871","67,871","0,26%"
"29.02.2024","67,692","67,692","67,692","67,692","0,73%"
"27.02.2024","67,204","67,204","67,204","67,204","-0,31%"
"26.02.2024","67,416","67,416","67,416","67,416","-0,14%"
"23.02.2024","67,510","67,510","67,510","67,510","0,26%"
"22.02.2024","67,335","67,335","67,335","67,335","0,05%"
"21.02.2024","67,303","67,303","67,303","67,303","-0,26%"
"20.02.2024","67,480","67,480","67,480","67,480","0,51%"
"19.02.2024","67,137","67,137","67,137","67,137","-0,00%"
"16.02.2024","67,140","67,140","67,140","67,140","-0,47%"
"15.02.2024","67,455","67,455","67,455","67,455","-0,03%"
"14.02.2024","67,475","67,475","67,475","67,475","0,59%"
"13.02.2024","67,081","67,081","67,081","67,081","-0,47%"
"12.02.2024","67,395","67,395","67,395","67,395","0,15%"
"09.02.2024","67,291","67,291","67,291","67,291","-0,24%"
"08.02.2024","67,456","67,456","67,456","67,456","-0,61%"
"07.02.2024","67,872","67,872","67,872","67,872","0,00%"
"06.02.2024","67,869","67,869","67,869","67,869","0,88%"
"05.02.2024","67,275","67,275","67,275","67,275","-1,00%"
"02.02.2024","67,957","67,957","67,957","67,957","-1,50%"
"01.02.2024","68,993","68,993","68,993","68,993","0,51%"
"31.01.2024","68,642","68,642","68,642","68,642","0,92%"
"30.01.2024","68,015","68,015","68,015","68,015","-0,05%"
"29.01.2024","68,046","68,046","68,046","68,046","0,66%"
"26.01.2024","67,600","67,600","67,600","67,600","-0,12%"
"25.01.2024","67,682","67,682","67,682","67,682","0,24%"
"24.01.2024","67,517","67,517","67,517","67,517","-0,24%"
"23.01.2024","67,677","67,677","67,677","67,677","-0,75%"
"22.01.2024","68,189","68,189","68,189","68,189","0,38%"
"19.01.2024","67,929","67,929","67,929","67,929","0,29%"
"18.01.2024","67,735","67,735","67,735","67,735","0,28%"
"17.01.2024","67,543","67,543","67,543","67,543","-1,37%"
"16.01.2024","68,480","68,480","68,480","68,480","-0,25%"
"15.01.2024","68,655","68,655","68,655","68,655","-0,07%"
"12.01.2024","68,704","68,704","68,704","68,704","0,26%"
"11.01.2024","68,527","68,527","68,527","68,527","-0,38%"
"10.01.2024","68,786","68,786","68,786","68,786","-0,12%"
"09.01.2024","68,871","68,871","68,871","68,871","-0,04%"
"08.01.2024","68,897","68,897","68,897","68,897","-0,23%"
"05.01.2024","69,059","69,059","69,059","69,059","-0,21%"
"04.01.2024","69,205","69,205","69,205","69,205","-0,29%"
"03.01.2024","69,406","69,406","69,406","69,406","-0,51%"
"02.01.2024","69,761","69,761","69,761","69,761","-1,06%"
"29.12.2023","70,507","70,507","70,507","70,507","-0,47%"
"28.12.2023","70,839","70,839","70,839","70,839","-0,51%"
"27.12.2023","71,204","71,204","71,204","71,204","0,40%"
"26.12.2023","70,919","70,919","70,919","70,919","0,02%"
"22.12.2023","70,907","70,907","70,907","70,907","0,20%"
"21.12.2023","70,765","70,765","70,765","70,765","0,15%"
"20.12.2023","70,660","70,660","70,660","70,660","0,73%"
"19.12.2023","70,151","70,151","70,151","70,151","0,43%"
"18.12.2023","69,851","69,851","69,851","69,851","0,12%"
"15.12.2023","69,770","69,770","69,770","69,770","0,92%"
"14.12.2023","69,132","69,132","69,132","69,132","0,49%"
"13.12.2023","68,796","68,796","68,796","68,796","1,33%"
"12.12.2023","67,892","67,892","67,892","67,892","0,90%"
"11.12.2023","67,285","67,285","67,285","67,285","-0,52%"
"08.12.2023","67,636","67,636","67,636","67,636","-0,35%"
"07.12.2023","67,873","67,873","67,873","67,873","-0,15%"
"06.12.2023","67,972","67,972","67,972","67,972","0,78%"
"05.12.2023","67,445","67,445","67,445","67,445","1,40%"
"04.12.2023","66,513","66,513","66,513","66,513","-0,18%"
"01.12.2023","66,635","66,635","66,635","66,635","0,07%"
"30.11.2023","66,591","66,591","66,591","66,591","-0,79%"
"29.11.2023","67,118","67,118","67,118","67,118","0,59%"
"28.11.2023","66,725","66,725","66,725","66,725","0,36%"
"27.11.2023","66,486","66,486","66,486","66,486","0,79%"
"24.11.2023","65,965","65,965","65,965","65,965","-0,40%"
"23.11.2023","66,231","66,231","66,231","66,231","-0,72%"
"22.11.2023","66,714","66,714","66,714","66,714","-0,82%"
"21.11.2023","67,266","67,266","67,266","67,266","0,19%"
"20.11.2023","67,137","67,137","67,137","67,137","-0,04%"
"17.11.2023","67,161","67,161","67,161","67,161","0,03%"
"16.11.2023","67,140","67,140","67,140","67,140","0,77%"
"15.11.2023","66,627","66,627","66,627","66,627","-0,46%"
"14.11.2023","66,937","66,937","66,937","66,937","1,69%"
"13.11.2023","65,827","65,827","65,827","65,827","0,07%"
"10.11.2023","65,781","65,781","65,781","65,781","-0,47%"
"09.11.2023","66,094","66,094","66,094","66,094","-0,21%"
"08.11.2023","66,232","66,232","66,232","66,232","0,44%"
"07.11.2023","65,943","65,943","65,943","65,943","0,87%"
"06.11.2023","65,374","65,374","65,374","65,374","-0,59%"
"03.11.2023","65,762","65,762","65,762","65,762","0,86%"
"02.11.2023","65,199","65,199","65,199","65,199","0,81%"
"01.11.2023","64,674","64,674","64,674","64,674","0,26%"
"31.10.2023","64,508","64,508","64,508","64,508","0,51%"
"30.10.2023","64,183","64,183","64,183","64,183","-0,19%"
"27.10.2023","64,303","64,303","64,303","64,303","0,49%"
"26.10.2023","63,989","63,989","63,989","63,989","-0,02%"
"25.10.2023","64,000","64,000","64,000","64,000","-0,35%"
"24.10.2023","64,225","64,225","64,225","64,225","0,54%"
"23.10.2023","63,883","63,883","63,883","63,883","0,44%"
"20.10.2023","63,600","63,600","63,600","63,600","-0,00%"
"19.10.2023","63,603","63,603","63,603","63,603","-0,31%"
"18.10.2023","63,803","63,803","63,803","63,803","-0,93%"
"17.10.2023","64,400","64,400","64,400","64,400","-0,30%"
"16.10.2023","64,596","64,596","64,596","64,596","-0,78%"
"13.10.2023","65,107","65,107","65,107","65,107","0,17%"
"12.10.2023","64,996","64,996","64,996","64,996","-0,81%"
"11.10.2023","65,530","65,530","65,530","65,530","1,34%"
"10.10.2023","64,665","64,665","64,665","64,665","0,50%"
"09.10.2023","64,343","64,343","64,343","64,343","0,79%"
"06.10.2023","63,837","63,837","63,837","63,837","-0,55%"
"05.10.2023","64,189","64,189","64,189","64,189","0,39%"
"04.10.2023","63,941","63,941","63,941","63,941","-0,00%"
"03.10.2023","63,942","63,942","63,942","63,942","-0,31%"
"02.10.2023","64,140","64,140","64,140","64,140","-1,16%"
"29.09.2023","64,894","64,894","64,894","64,894","0,90%"
"28.09.2023","64,314","64,314","64,314","64,314","-1,61%"
"27.09.2023","65,365","65,365","65,365","65,365","-0,01%"
"26.09.2023","65,369","65,369","65,369","65,369","-0,08%"
"25.09.2023","65,424","65,424","65,424","65,424","-0,70%"
"22.09.2023","65,883","65,883","65,883","65,883","0,10%"
"21.09.2023","65,819","65,819","65,819","65,819","-0,35%"
"20.09.2023","66,050","66,050","66,050","66,050","0,84%"
"19.09.2023","65,501","65,501","65,501","65,501","0,34%"
"18.09.2023","65,282","65,282","65,282","65,282","-0,42%"
"15.09.2023","65,559","65,559","65,559","65,559","-0,84%"
"14.09.2023","66,117","66,117","66,117","66,117","0,71%"
"13.09.2023","65,653","65,653","65,653","65,653","0,69%"
"12.09.2023","65,201","65,201","65,201","65,201","0,45%"
"11.09.2023","64,907","64,907","64,907","64,907","-0,71%"
"08.09.2023","65,371","65,371","65,371","65,371","0,53%"
"07.09.2023","65,027","65,027","65,027","65,027","0,52%"
"06.09.2023","64,691","64,691","64,691","64,691","-0,14%"
"05.09.2023","64,782","64,782","64,782","64,782","-0,29%"
"04.09.2023","64,970","64,970","64,970","64,970","-0,67%"
"01.09.2023","65,411","65,411","65,411","65,411","-0,53%"
"31.08.2023","65,758","65,758","65,758","65,758","0,58%"
"30.08.2023","65,380","65,380","65,380","65,380","0,03%"
"29.08.2023","65,363","65,363","65,363","65,363","0,11%"
"28.08.2023","65,289","65,289","65,289","65,289","-0,06%"
"25.08.2023","65,326","65,326","65,326","65,326","-0,04%"
"24.08.2023","65,352","65,352","65,352","65,352","0,44%"
"23.08.2023","65,064","65,064","65,064","65,064","1,65%"
"22.08.2023","64,005","64,005","64,005","64,005","0,65%"
"21.08.2023","63,589","63,589","63,589","63,589","-0,36%"
"18.08.2023","63,818","63,818","63,818","63,818","0,34%"
"17.08.2023","63,603","63,603","63,603","63,603","-0,90%"
"16.08.2023","64,180","64,180","64,180","64,180","-0,33%"
"15.08.2023","64,391","64,391","64,391","64,391","-0,29%"
"14.08.2023","64,580","64,580","64,580","64,580","-0,32%"
"11.08.2023","64,785","64,785","64,785","64,785","-1,41%"
"10.08.2023","65,710","65,710","65,710","65,710","0,01%"
"09.08.2023","65,706","65,706","65,706","65,706","0,08%"
"08.08.2023","65,655","65,655","65,655","65,655","0,62%"
"07.08.2023","65,250","65,250","65,250","65,250","-0,53%"
"04.08.2023","65,597","65,597","65,597","65,597","0,69%"
"03.08.2023","65,147","65,147","65,147","65,147","-0,85%"
"02.08.2023","65,705","65,705","65,705","65,705","-0,08%"
"01.08.2023","65,757","65,757","65,757","65,757","-0,78%"
"31.07.2023","66,273","66,273","66,273","66,273","0,28%"
"28.07.2023","66,086","66,086","66,086","66,086","-0,10%"
"27.07.2023","66,155","66,155","66,155","66,155","-0,35%"
"26.07.2023","66,387","66,387","66,387","66,387","0,06%"
"25.07.2023","66,345","66,345","66,345","66,345","-0,23%"
"24.07.2023","66,497","66,497","66,497","66,497","0,07%"
"21.07.2023","66,452","66,452","66,452","66,452","0,02%"
"20.07.2023","66,439","66,439","66,439","66,439","-0,61%"
"19.07.2023","66,846","66,846","66,846","66,846","1,40%"
"18.07.2023","65,924","65,924","65,924","65,924","0,96%"
"17.07.2023","65,297","65,297","65,297","65,297","-0,22%"
"14.07.2023","65,444","65,444","65,444","65,444","0,25%"
"13.07.2023","65,284","65,284","65,284","65,284","0,61%"
"12.07.2023","64,885","64,885","64,885","64,885","0,98%"
"11.07.2023","64,257","64,257","64,257","64,257","-0,14%"
"10.07.2023","64,348","64,348","64,348","64,348","0,09%"
"07.07.2023","64,291","64,291","64,291","64,291","-0,07%"
"06.07.2023","64,336","64,336","64,336","64,336","-1,58%"
"05.07.2023","65,367","65,367","65,367","65,367","-0,60%"
"04.07.2023","65,760","65,760","65,760","65,760","0,12%"
"03.07.2023","65,678","65,678","65,678","65,678","-0,25%"
"30.06.2023","65,844","65,844","65,844","65,844","-0,15%"
"29.06.2023","65,940","65,940","65,940","65,940","-0,27%"
"28.06.2023","66,116","66,116","66,116","66,116","0,24%"
"27.06.2023","65,960","65,960","65,960","65,960","-0,52%"
"26.06.2023","66,303","66,303","66,303","66,303","0,51%"
"23.06.2023","65,965","65,965","65,965","65,965","0,53%"
"22.06.2023","65,618","65,618","65,618","65,618","0,26%"
"21.06.2023","65,446","65,446","65,446","65,446","-0,71%"
"20.06.2023","65,913","65,913","65,913","65,913","1,26%"
"19.06.2023","65,091","65,091","65,091","65,091","-0,53%"
"16.06.2023","65,439","65,439","65,439","65,439","-0,09%"
"15.06.2023","65,495","65,495","65,495","65,495","0,36%"
"14.06.2023","65,263","65,263","65,263","65,263","0,42%"
"13.06.2023","64,987","64,987","64,987","64,987","-0,92%"
"12.06.2023","65,590","65,590","65,590","65,590","-0,82%"
"09.06.2023","66,135","66,135","66,135","66,135","0,34%"
"08.06.2023","65,910","65,910","65,910","65,910","-0,20%"
"07.06.2023","66,039","66,039","66,039","66,039","-0,21%"
"06.06.2023","66,179","66,179","66,179","66,179","0,20%"
"05.06.2023","66,049","66,049","66,049","66,049","-0,49%"
"02.06.2023","66,371","66,371","66,371","66,371","-0,16%"
"01.06.2023","66,475","66,475","66,475","66,475","0,50%"
"31.05.2023","66,147","66,147","66,147","66,147","0,85%"
"30.05.2023","65,591","65,591","65,591","65,591","0,85%"
"29.05.2023","65,035","65,035","65,035","65,035","0,02%"
"26.05.2023","65,023","65,023","65,023","65,023","-0,02%"
"25.05.2023","65,035","65,035","65,035","65,035","-1,45%"
"24.05.2023","65,994","65,994","65,994","65,994","-0,10%"
"23.05.2023","66,057","66,057","66,057","66,057","-1,09%"
"22.05.2023","66,788","66,788","66,788","66,788","-0,34%"
"19.05.2023","67,013","67,013","67,013","67,013","-0,29%"
"18.05.2023","67,206","67,206","67,206","67,206","-1,33%"
"17.05.2023","68,109","68,109","68,109","68,109","-0,11%"
"16.05.2023","68,184","68,184","68,184","68,184","-0,01%"
"15.05.2023","68,189","68,189","68,189","68,189","-0,52%"
"12.05.2023","68,544","68,544","68,544","68,544","-0,56%"
"11.05.2023","68,930","68,930","68,930","68,930","0,61%"
"10.05.2023","68,511","68,511","68,511","68,511","0,36%"
"09.05.2023","68,262","68,262","68,262","68,262","-0,52%"
"08.05.2023","68,619","68,619","68,619","68,619","-0,06%"
"05.05.2023","68,657","68,657","68,657","68,657","-0,75%"
"04.05.2023","69,177","69,177","69,177","69,177","0,11%"
"03.05.2023","69,098","69,098","69,098","69,098","-0,33%"
"02.05.2023","69,327","69,327","69,327","69,327","0,38%"
"01.05.2023","69,067","69,067","69,067","69,067","0,03%"
"28.04.2023","69,046","69,046","69,046","69,046","0,59%"
"27.04.2023","68,641","68,641","68,641","68,641","-0,88%"
"26.04.2023","69,249","69,249","69,249","69,249","-0,21%"
"25.04.2023","69,397","69,397","69,397","69,397","0,70%"
"24.04.2023","68,913","68,913","68,913","68,913","0,07%"
"21.04.2023","68,868","68,868","68,868","68,868","0,16%"
"20.04.2023","68,760","68,760","68,760","68,760","0,67%"
"19.04.2023","68,300","68,300","68,300","68,300","-1,04%"
"18.04.2023","69,019","69,019","69,019","69,019","-0,38%"
"17.04.2023","69,284","69,284","69,284","69,284","-0,50%"
"14.04.2023","69,632","69,632","69,632","69,632","-0,88%"
"13.04.2023","70,251","70,251","70,251","70,251","-0,28%"
"12.04.2023","70,446","70,446","70,446","70,446","-0,21%"
"11.04.2023","70,594","70,594","70,594","70,594","-0,94%"
"10.04.2023","71,261","71,261","71,261","71,261","0,03%"
"06.04.2023","71,243","71,243","71,243","71,243","0,08%"
"05.04.2023","71,188","71,188","71,188","71,188","-0,20%"
"04.04.2023","71,334","71,334","71,334","71,334","-0,23%"
"03.04.2023","71,495","71,495","71,495","71,495","1,43%"
"31.03.2023","70,486","70,486","70,486","70,486","-0,21%"
"30.03.2023","70,635","70,635","70,635","70,635","-0,45%"
"29.03.2023","70,954","70,954","70,954","70,954","0,26%"
"28.03.2023","70,772","70,772","70,772","70,772","-0,62%"
"27.03.2023","71,217","71,217","71,217","71,217","-0,64%"
"24.03.2023","71,678","71,678","71,678","71,678","0,87%"
"23.03.2023","71,059","71,059","71,059","71,059","0,95%"
"22.03.2023","70,390","70,390","70,390","70,390","-0,87%"
"21.03.2023","71,005","71,005","71,005","71,005","-0,31%"
"20.03.2023","71,223","71,223","71,223","71,223","-0,81%"
"17.03.2023","71,802","71,802","71,802","71,802","0,71%"
"16.03.2023","71,296","71,296","71,296","71,296","-0,24%"
"15.03.2023","71,467","71,467","71,467","71,467","1,80%"
"14.03.2023","70,205","70,205","70,205","70,205","-0,87%"
"13.03.2023","70,820","70,820","70,820","70,820","1,73%"
"10.03.2023","69,618","69,618","69,618","69,618","1,57%"
"09.03.2023","68,541","68,541","68,541","68,541","-0,54%"
"08.03.2023","68,916","68,916","68,916","68,916","0,86%"
"07.03.2023","68,326","68,326","68,326","68,326","0,31%"
"06.03.2023","68,112","68,112","68,112","68,112","0,39%"
"03.03.2023","67,845","67,845","67,845","67,845","-0,01%"
"02.03.2023","67,850","67,850","67,850","67,850","-0,21%"
"01.03.2023","67,992","67,992","67,992","67,992","-0,56%"
"28.02.2023","68,377","68,377","68,377","68,377","0,03%"
"27.02.2023","68,356","68,356","68,356","68,356","-0,57%"
"24.02.2023","68,748","68,748","68,748","68,748","-0,58%"
"23.02.2023","69,147","69,147","69,147","69,147","-0,15%"
"22.02.2023","69,252","69,252","69,252","69,252","0,30%"
"21.02.2023","69,047","69,047","69,047","69,047","-1,18%"
"20.02.2023","69,871","69,871","69,871","69,871","0,41%"
"17.02.2023","69,584","69,584","69,584","69,584","-0,36%"
"16.02.2023","69,835","69,835","69,835","69,835","-0,49%"
"15.02.2023","70,178","70,178","70,178","70,178","0,42%"
"14.02.2023","69,884","69,884","69,884","69,884","-0,71%"
"13.02.2023","70,384","70,384","70,384","70,384","-0,13%"
"10.02.2023","70,473","70,473","70,473","70,473","-0,90%"
"09.02.2023","71,110","71,110","71,110","71,110","0,08%"
"08.02.2023","71,056","71,056","71,056","71,056","-0,27%"
"07.02.2023","71,246","71,246","71,246","71,246","-0,31%"
"06.02.2023","71,469","71,469","71,469","71,469","-1,33%"
"03.02.2023","72,429","72,429","72,429","72,429","-0,80%"
"02.02.2023","73,015","73,015","73,015","73,015","2,78%"
"01.02.2023","71,041","71,041","71,041","71,041","-0,14%"
"31.01.2023","71,142","71,142","71,142","71,142","-0,27%"
"30.01.2023","71,338","71,338","71,338","71,338","0,19%"
"27.01.2023","71,206","71,206","71,206","71,206","-0,31%"
"26.01.2023","71,431","71,431","71,431","71,431","-0,44%"
"25.01.2023","71,746","71,746","71,746","71,746","0,17%"
"24.01.2023","71,622","71,622","71,622","71,622","0,69%"
"23.01.2023","71,129","71,129","71,129","71,129","-0,15%"
"20.01.2023","71,236","71,236","71,236","71,236","-0,50%"
"19.01.2023","71,596","71,596","71,596","71,596","0,09%"
"18.01.2023","71,530","71,530","71,530","71,530","0,23%"
"17.01.2023","71,367","71,367","71,367","71,367","0,48%"
"16.01.2023","71,027","71,027","71,027","71,027","-0,22%"
"13.01.2023","71,184","71,184","71,184","71,184","-0,09%"
"12.01.2023","71,247","71,247","71,247","71,247","0,45%"
"11.01.2023","70,927","70,927","70,927","70,927","1,65%"
"10.01.2023","69,774","69,774","69,774","69,774","0,48%"
"09.01.2023","69,438","69,438","69,438","69,438","-0,83%"
"06.01.2023","70,016","70,016","70,016","70,016","0,57%"
"05.01.2023","69,621","69,621","69,621","69,621","-0,79%"
"04.01.2023","70,176","70,176","70,176","70,176","1,27%"
"03.01.2023","69,295","69,295","69,295","69,295","0,11%"
"30.12.2022","69,218","69,218","69,218","69,218","0,23%"
"29.12.2022","69,058","69,058","69,058","69,058","-0,18%"
"28.12.2022","69,184","69,184","69,184","69,184","-0,44%"
"23.12.2022","69,492","69,492","69,492","69,492","-0,28%"
"22.12.2022","69,686","69,686","69,686","69,686","-0,14%"
"21.12.2022","69,786","69,786","69,786","69,786","0,57%"
"20.12.2022","69,392","69,392","69,392","69,392","-1,00%"
"19.12.2022","70,092","70,092","70,092","70,092","-1,16%"
"16.12.2022","70,915","70,915","70,915","70,915","-0,84%"
"15.12.2022","71,519","71,519","71,519","71,519","0,81%"
"14.12.2022","70,945","70,945","70,945","70,945","-0,23%"
"13.12.2022","71,107","71,107","71,107","71,107","-0,66%"
"12.12.2022","71,576","71,576","71,576","71,576","-0,70%"
"09.12.2022","72,081","72,081","72,081","72,081","-0,79%"
"08.12.2022","72,657","72,657","72,657","72,657","-0,41%"
"07.12.2022","72,953","72,953","72,953","72,953","-0,09%"
"06.12.2022","73,018","73,018","73,018","73,018","0,13%"
"05.12.2022","72,925","72,925","72,925","72,925","0,79%"
"02.12.2022","72,355","72,355","72,355","72,355","-0,86%"
"01.12.2022","72,984","72,984","72,984","72,984","0,39%"
"30.11.2022","72,698","72,698","72,698","72,698","-0,95%"
"29.11.2022","73,394","73,394","73,394","73,394","0,04%"
"28.11.2022","73,364","73,364","73,364","73,364","-0,01%"
"25.11.2022","73,369","73,369","73,369","73,369","-0,99%"
"24.11.2022","74,106","74,106","74,106","74,106","-0,62%"
"23.11.2022","74,565","74,565","74,565","74,565","1,50%"
"22.11.2022","73,460","73,460","73,460","73,460","0,01%"
"21.11.2022","73,449","73,449","73,449","73,449","0,83%"
"18.11.2022","72,848","72,848","72,848","72,848","-0,41%"
"17.11.2022","73,146","73,146","73,146","73,146","-0,53%"
"16.11.2022","73,535","73,535","73,535","73,535","1,81%"
"15.11.2022","72,226","72,226","72,226","72,226","0,35%"
"14.11.2022","71,972","71,972","71,972","71,972","-0,03%"
"11.11.2022","71,991","71,991","71,991","71,991","-1,01%"
"10.11.2022","72,729","72,729","72,729","72,729","2,01%"
"09.11.2022","71,296","71,296","71,296","71,296","1,64%"
"08.11.2022","70,144","70,144","70,144","70,144","0,91%"
"07.11.2022","69,512","69,512","69,512","69,512","-0,84%"
"04.11.2022","70,100","70,100","70,100","70,100","-0,67%"
"03.11.2022","70,576","70,576","70,576","70,576","-0,82%"
"02.11.2022","71,156","71,156","71,156","71,156","0,02%"
"01.11.2022","71,140","71,140","71,140","71,140","0,86%"
"31.10.2022","70,536","70,536","70,536","70,536","-1,07%"
"28.10.2022","71,297","71,297","71,297","71,297","0,79%"
"27.10.2022","70,739","70,739","70,739","70,739","0,98%"
"26.10.2022","70,054","70,054","70,054","70,054","0,11%"
"25.10.2022","69,974","69,974","69,974","69,974","0,91%"
"24.10.2022","69,346","69,346","69,346","69,346","3,09%"
"21.10.2022","67,267","67,267","67,267","67,267","-1,62%"
"20.10.2022","68,378","68,378","68,378","68,378","0,43%"
"19.10.2022","68,085","68,085","68,085","68,085","2,23%"
"18.10.2022","66,598","66,598","66,598","66,598","1,05%"
"17.10.2022","65,906","65,906","65,906","65,906","3,95%"
"14.10.2022","63,400","63,400","63,400","63,400","-1,49%"
"13.10.2022","64,357","64,357","64,357","64,357","2,56%"
"12.10.2022","62,748","62,748","62,748","62,748","-0,48%"
"11.10.2022","63,050","63,050","63,050","63,050","-0,02%"
"10.10.2022","63,062","63,062","63,062","63,062","-3,04%"
"07.10.2022","65,040","65,040","65,040","65,040","-0,79%"
"06.10.2022","65,555","65,555","65,555","65,555","-1,55%"
"05.10.2022","66,590","66,590","66,590","66,590","-1,95%"
"04.10.2022","67,915","67,915","67,915","67,915","-0,63%"
"03.10.2022","68,349","68,349","68,349","68,349","-0,06%"
"30.09.2022","68,389","68,389","68,389","68,389","1,04%"
"29.09.2022","67,684","67,684","67,684","67,684","-0,16%"
"28.09.2022","67,793","67,793","67,793","67,793","7,46%"
"27.09.2022","63,087","63,087","63,087","63,087","-3,41%"
"26.09.2022","65,311","65,311","65,311","65,311","-3,70%"
"23.09.2022","67,818","67,818","67,818","67,818","-2,63%"
"22.09.2022","69,648","69,648","69,648","69,648","-1,94%"
"21.09.2022","71,023","71,023","71,023","71,023","-0,23%"
"20.09.2022","71,187","71,187","71,187","71,187","-1,30%"
"16.09.2022","72,127","72,127","72,127","72,127","-0,14%"
"15.09.2022","72,231","72,231","72,231","72,231","-0,23%"
"14.09.2022","72,400","72,400","72,400","72,400","0,31%"
"13.09.2022","72,175","72,175","72,175","72,175","-0,60%"
"12.09.2022","72,610","72,610","72,610","72,610","0,83%"
"09.09.2022","72,010","72,010","72,010","72,010","0,15%"
"08.09.2022","71,902","71,902","71,902","71,902","-1,51%"
"07.09.2022","73,003","73,003","73,003","73,003","0,11%"
"06.09.2022","72,923","72,923","72,923","72,923","-1,48%"
"05.09.2022","74,019","74,019","74,019","74,019","0,35%"
"02.09.2022","73,760","73,760","73,760","73,760","-0,15%"
"01.09.2022","73,868","73,868","73,868","73,868","-1,46%"
"31.08.2022","74,964","74,964","74,964","74,964","-0,99%"
"30.08.2022","75,714","75,714","75,714","75,714","-1,39%"
"29.08.2022","76,781","76,781","76,781","76,781","0,03%"
"26.08.2022","76,761","76,761","76,761","76,761","0,22%"
"25.08.2022","76,594","76,594","76,594","76,594","0,59%"
"24.08.2022","76,142","76,142","76,142","76,142","-1,02%"
"23.08.2022","76,927","76,927","76,927","76,927","-0,57%"
"22.08.2022","77,365","77,365","77,365","77,365","-1,19%"
"19.08.2022","78,293","78,293","78,293","78,293","-1,34%"
"18.08.2022","79,353","79,353","79,353","79,353","0,12%"
"17.08.2022","79,254","79,254","79,254","79,254","-1,27%"
"16.08.2022","80,276","80,276","80,276","80,276","-1,17%"
"15.08.2022","81,224","81,224","81,224","81,224","1,27%"
"12.08.2022","80,209","80,209","80,209","80,209","-0,89%"
"11.08.2022","80,933","80,933","80,933","80,933","-1,54%"
"10.08.2022","82,198","82,198","82,198","82,198","0,35%"
"09.08.2022","81,913","81,913","81,913","81,913","-0,30%"
"08.08.2022","82,157","82,157","82,157","82,157","0,97%"
"05.08.2022","81,367","81,367","81,367","81,367","-1,84%"
"04.08.2022","82,891","82,891","82,891","82,891","0,55%"
"03.08.2022","82,438","82,438","82,438","82,438","-0,86%"
"02.08.2022","83,153","83,153","83,153","83,153","-0,03%"
"01.08.2022","83,176","83,176","83,176","83,176","1,47%"
"29.07.2022","81,974","81,974","81,974","81,974","0,22%"
"28.07.2022","81,797","81,797","81,797","81,797","1,36%"
"27.07.2022","80,700","80,700","80,700","80,700","-0,59%"
"26.07.2022","81,175","81,175","81,175","81,175","0,34%"
"25.07.2022","80,898","80,898","80,898","80,898","-0,47%"
"22.07.2022","81,283","81,283","81,283","81,283","0,87%"
"21.07.2022","80,584","80,584","80,584","80,584","1,68%"
"20.07.2022","79,255","79,255","79,255","79,255","0,51%"
"19.07.2022","78,850","78,850","78,850","78,850","-0,63%"
"18.07.2022","79,350","79,350","79,350","79,350","-0,58%"
"15.07.2022","79,811","79,811","79,811","79,811","-0,49%"
"14.07.2022","80,205","80,205","80,205","80,205","-0,24%"
"13.07.2022","80,396","80,396","80,396","80,396","0,40%"
"12.07.2022","80,076","80,076","80,076","80,076","0,36%"
"11.07.2022","79,787","79,787","79,787","79,787","0,32%"
"08.07.2022","79,536","79,536","79,536","79,536","-1,21%"
"07.07.2022","80,509","80,509","80,509","80,509","-0,11%"
"06.07.2022","80,596","80,596","80,596","80,596","-0,38%"
"05.07.2022","80,906","80,906","80,906","80,906","1,15%"
"04.07.2022","79,989","79,989","79,989","79,989","-1,62%"
"01.07.2022","81,309","81,309","81,309","81,309","1,95%"
"30.06.2022","79,751","79,751","79,751","79,751","0,90%"
"29.06.2022","79,039","79,039","79,039","79,039","0,76%"
"28.06.2022","78,439","78,439","78,439","78,439","-0,96%"
"27.06.2022","79,202","79,202","79,202","79,202","-1,05%"
"24.06.2022","80,045","80,045","80,045","80,045","0,02%"
"23.06.2022","80,032","80,032","80,032","80,032","1,99%"
"22.06.2022","78,472","78,472","78,472","78,472","1,86%"
"21.06.2022","77,042","77,042","77,042","77,042","-0,70%"
"20.06.2022","77,583","77,583","77,583","77,583","-1,36%"
"17.06.2022","78,654","78,654","78,654","78,654","0,01%"
"16.06.2022","78,647","78,647","78,647","78,647","-0,66%"
"15.06.2022","79,169","79,169","79,169","79,169","0,91%"
"14.06.2022","78,453","78,453","78,453","78,453","-0,72%"
"13.06.2022","79,018","79,018","79,018","79,018","-0,80%"
"10.06.2022","79,654","79,654","79,654","79,654","-0,93%"
"09.06.2022","80,399","80,399","80,399","80,399","-0,61%"
"08.06.2022","80,889","80,889","80,889","80,889","-0,43%"
"07.06.2022","81,240","81,240","81,240","81,240","0,84%"
"06.06.2022","80,564","80,564","80,564","80,564","-1,15%"
"03.06.2022","81,500","81,500","81,500","81,500","0,00%"
"02.06.2022","81,498","81,498","81,498","81,498","-0,02%"
"01.06.2022","81,513","81,513","81,513","81,513","-0,09%"
"31.05.2022","81,590","81,590","81,590","81,590","-1,76%"
"30.05.2022","83,051","83,051","83,051","83,051","-0,58%"
"27.05.2022","83,532","83,532","83,532","83,532","0,42%"
"26.05.2022","83,180","83,180","83,180","83,180","-0,89%"
"25.05.2022","83,927","83,927","83,927","83,927","-0,61%"
"24.05.2022","84,441","84,441","84,441","84,441","1,11%"
"23.05.2022","83,516","83,516","83,516","83,516","-0,86%"
"20.05.2022","84,244","84,244","84,244","84,244","-0,37%"
"19.05.2022","84,559","84,559","84,559","84,559","-0,12%"
"18.05.2022","84,657","84,657","84,657","84,657","0,17%"
"17.05.2022","84,517","84,517","84,517","84,517","-1,47%"
"16.05.2022","85,779","85,779","85,779","85,779","0,20%"
"13.05.2022","85,612","85,612","85,612","85,612","-0,47%"
"12.05.2022","86,012","86,012","86,012","86,012","1,82%"
"11.05.2022","84,477","84,477","84,477","84,477","-0,53%"
"10.05.2022","84,930","84,930","84,930","84,930","1,27%"
"09.05.2022","83,869","83,869","83,869","83,869","0,56%"
"06.05.2022","83,404","83,404","83,404","83,404","-0,83%"
"05.05.2022","84,100","84,100","84,100","84,100","-0,09%"
"04.05.2022","84,178","84,178","84,178","84,178","-0,22%"
"03.05.2022","84,366","84,366","84,366","84,366","-0,39%"
"02.05.2022","84,700","84,700","84,700","84,700","0,02%"
"29.04.2022","84,680","84,680","84,680","84,680","-0,54%"
"28.04.2022","85,144","85,144","85,144","85,144","-0,84%"
"27.04.2022","85,864","85,864","85,864","85,864","-0,47%"
"26.04.2022","86,273","86,273","86,273","86,273","0,67%"
"25.04.2022","85,695","85,695","85,695","85,695","1,16%"
"22.04.2022","84,710","84,710","84,710","84,710","0,66%"
"21.04.2022","84,154","84,154","84,154","84,154","-0,47%"
"20.04.2022","84,548","84,548","84,548","84,548","1,01%"
"19.04.2022","83,704","83,704","83,704","83,704","-1,31%"
"18.04.2022","84,813","84,813","84,813","84,813","0,03%"
"14.04.2022","84,788","84,788","84,788","84,788","-1,11%"
"13.04.2022","85,737","85,737","85,737","85,737","-0,08%"
"12.04.2022","85,802","85,802","85,802","85,802","0,43%"
"11.04.2022","85,437","85,437","85,437","85,437","-0,95%"
"08.04.2022","86,260","86,260","86,260","86,260","-0,53%"
"07.04.2022","86,716","86,716","86,716","86,716","-0,25%"
"06.04.2022","86,934","86,934","86,934","86,934","-0,72%"
"05.04.2022","87,565","87,565","87,565","87,565","-1,27%"
"04.04.2022","88,694","88,694","88,694","88,694","0,95%"
"01.04.2022","87,858","87,858","87,858","87,858","0,23%"
"31.03.2022","87,656","87,656","87,656","87,656","0,34%"
"30.03.2022","87,356","87,356","87,356","87,356","-0,14%"
"29.03.2022","87,482","87,482","87,482","87,482","-0,34%"
"28.03.2022","87,782","87,782","87,782","87,782","1,08%"
"25.03.2022","86,840","86,840","86,840","86,840","-0,46%"
"24.03.2022","87,241","87,241","87,241","87,241","0,33%"
"23.03.2022","86,952","86,952","86,952","86,952","0,61%"
"22.03.2022","86,423","86,423","86,423","86,423","-0,98%"
"21.03.2022","87,276","87,276","87,276","87,276","-1,44%"
"18.03.2022","88,551","88,551","88,551","88,551","0,96%"
"17.03.2022","87,706","87,706","87,706","87,706","0,38%"
"16.03.2022","87,377","87,377","87,377","87,377","-0,84%"
"15.03.2022","88,118","88,118","88,118","88,118","0,47%"
"14.03.2022","87,710","87,710","87,710","87,710","-0,99%"
"11.03.2022","88,583","88,583","88,583","88,583","0,01%"
"10.03.2022","88,576","88,576","88,576","88,576","-0,24%"
"09.03.2022","88,793","88,793","88,793","88,793","-1,07%"
"08.03.2022","89,751","89,751","89,751","89,751","-1,56%"
"07.03.2022","91,169","91,169","91,169","91,169","-0,86%"
"04.03.2022","91,961","91,961","91,961","91,961","1,35%"
"03.03.2022","90,740","90,740","90,740","90,740","-0,94%"
"02.03.2022","91,600","91,600","91,600","91,600","-1,22%"
"01.03.2022","92,730","92,730","92,730","92,730","3,20%"
"28.02.2022","89,852","89,852","89,852","89,852","0,31%"
"25.02.2022","89,570","89,570","89,570","89,570","-0,44%"
"24.02.2022","89,964","89,964","89,964","89,964","-0,01%"
"23.02.2022","89,971","89,971","89,971","89,971","-0,08%"
"22.02.2022","90,047","90,047","90,047","90,047","-0,84%"
"21.02.2022","90,810","90,810","90,810","90,810","-0,14%"
"18.02.2022","90,939","90,939","90,939","90,939","1,02%"
"17.02.2022","90,019","90,019","90,019","90,019","0,54%"
"16.02.2022","89,533","89,533","89,533","89,533","0,48%"
"15.02.2022","89,109","89,109","89,109","89,109","0,26%"
"14.02.2022","88,874","88,874","88,874","88,874","-0,40%"
"11.02.2022","89,232","89,232","89,232","89,232","-0,15%"
"10.02.2022","89,367","89,367","89,367","89,367","-1,11%"
"09.02.2022","90,372","90,372","90,372","90,372","0,93%"
"08.02.2022","89,535","89,535","89,535","89,535","-1,10%"
"07.02.2022","90,532","90,532","90,532","90,532","-0,34%"
"04.02.2022","90,842","90,842","90,842","90,842","-0,32%"
"03.02.2022","91,133","91,133","91,133","91,133","-1,58%"
"02.02.2022","92,598","92,598","92,598","92,598","1,05%"
"01.02.2022","91,640","91,640","91,640","91,640","0,17%"
"31.01.2022","91,481","91,481","91,481","91,481","-1,09%"
"28.01.2022","92,486","92,486","92,486","92,486","-0,17%"
"27.01.2022","92,644","92,644","92,644","92,644","-0,31%"
"26.01.2022","92,931","92,931","92,931","92,931","-0,80%"
"25.01.2022","93,676","93,676","93,676","93,676","-0,39%"
"24.01.2022","94,046","94,046","94,046","94,046","0,68%"
"21.01.2022","93,415","93,415","93,415","93,415","0,75%"
"20.01.2022","92,723","92,723","92,723","92,723","0,44%"
"19.01.2022","92,314","92,314","92,314","92,314","-0,77%"
"18.01.2022","93,026","93,026","93,026","93,026","-0,38%"
"17.01.2022","93,378","93,378","93,378","93,378","-0,59%"
"14.01.2022","93,932","93,932","93,932","93,932","-0,38%"
"13.01.2022","94,293","94,293","94,293","94,293","0,41%"
"12.01.2022","93,910","93,910","93,910","93,910","0,26%"
"11.01.2022","93,663","93,663","93,663","93,663","0,51%"
"10.01.2022","93,185","93,185","93,185","93,185","-0,24%"
"07.01.2022","93,410","93,410","93,410","93,410","-0,34%"
"06.01.2022","93,729","93,729","93,729","93,729","-0,92%"
"05.01.2022","94,600","94,600","94,600","94,600","0,09%"
"04.01.2022","94,515","94,515","94,515","94,515","-1,25%"
"31.12.2021","95,715","95,715","95,715","95,715","0,20%"
"30.12.2021","95,528","95,528","95,528","95,528","0,53%"
"29.12.2021","95,022","95,022","95,022","95,022","-1,26%"
"28.12.2021","96,230","96,230","96,230","96,230","-0,00%"
"24.12.2021","96,232","96,232","96,232","96,232","0,34%"
"23.12.2021","95,909","95,909","95,909","95,909","-0,49%"
"22.12.2021","96,379","96,379","96,379","96,379","-0,18%"
"21.12.2021","96,554","96,554","96,554","96,554","-1,53%"
"20.12.2021","98,052","98,052","98,052","98,052","-0,04%"
"17.12.2021","98,094","98,094","98,094","98,094","-0,58%"
"16.12.2021","98,666","98,666","98,666","98,666","-0,21%"
"15.12.2021","98,870","98,870","98,870","98,870","-0,28%"
"14.12.2021","99,147","99,147","99,147","99,147","-0,42%"
"13.12.2021","99,570","99,570","99,570","99,570","0,02%"
"10.12.2021","99,551","99,551","99,551","99,551","0,08%"
"09.12.2021","99,469","99,469","99,469","99,469","-0,30%"
"08.12.2021","99,769","99,769","99,769","99,769","-0,34%"
"07.12.2021","100,111","100,111","100,111","100,111","0,48%"
"06.12.2021","99,632","99,632","99,632","99,632","0,50%"
"03.12.2021","99,139","99,139","99,139","99,139","0,42%"
"02.12.2021","98,722","98,722","98,722","98,722","0,31%"
"01.12.2021","98,420","98,420","98,420","98,420","-0,34%"
"30.11.2021","98,754","98,754","98,754","98,754","0,65%"
"29.11.2021","98,121","98,121","98,121","98,121","-0,26%"
"26.11.2021","98,379","98,379","98,379","98,379","1,88%"
"25.11.2021","96,559","96,559","96,559","96,559","0,58%"
"24.11.2021","96,005","96,005","96,005","96,005","-0,28%"
"23.11.2021","96,275","96,275","96,275","96,275","-0,15%"
"22.11.2021","96,417","96,417","96,417","96,417","-0,64%"
"19.11.2021","97,041","97,041","97,041","97,041","0,79%"
"18.11.2021","96,283","96,283","96,283","96,283","0,62%"
"17.11.2021","95,693","95,693","95,693","95,693","-0,23%"
"16.11.2021","95,918","95,918","95,918","95,918","-0,15%"
"15.11.2021","96,060","96,060","96,060","96,060","-0,46%"
"12.11.2021","96,502","96,502","96,502","96,502","-0,18%"
"11.11.2021","96,677","96,677","96,677","96,677","0,08%"
"10.11.2021","96,595","96,595","96,595","96,595","-1,65%"
"09.11.2021","98,211","98,211","98,211","98,211","0,74%"
"08.11.2021","97,489","97,489","97,489","97,489","0,04%"
"05.11.2021","97,447","97,447","97,447","97,447","1,75%"
"04.11.2021","95,770","95,770","95,770","95,770","0,92%"
"03.11.2021","94,898","94,898","94,898","94,898","-0,54%"
"02.11.2021","95,409","95,409","95,409","95,409","0,05%"
"01.11.2021","95,364","95,364","95,364","95,364","-0,37%"
"29.10.2021","95,719","95,719","95,719","95,719","-0,58%"
"28.10.2021","96,273","96,273","96,273","96,273","0,34%"
"27.10.2021","95,951","95,951","95,951","95,951","2,38%"
"26.10.2021","93,716","93,716","93,716","93,716","0,52%"
"25.10.2021","93,231","93,231","93,231","93,231","0,29%"
"22.10.2021","92,965","92,965","92,965","92,965","0,87%"
"21.10.2021","92,167","92,167","92,167","92,167","-0,74%"
"20.10.2021","92,857","92,857","92,857","92,857","-0,27%"
"19.10.2021","93,107","93,107","93,107","93,107","-0,02%"
"18.10.2021","93,129","93,129","93,129","93,129","-0,17%"
"15.10.2021","93,291","93,291","93,291","93,291","-0,89%"
"14.10.2021","94,129","94,129","94,129","94,129","0,42%"
"13.10.2021","93,732","93,732","93,732","93,732","1,57%"
"12.10.2021","92,281","92,281","92,281","92,281","0,75%"
"11.10.2021","91,594","91,594","91,594","91,594","-0,22%"
"08.10.2021","91,793","91,793","91,793","91,793","-0,97%"
"07.10.2021","92,694","92,694","92,694","92,694","-0,03%"
"06.10.2021","92,720","92,720","92,720","92,720","0,27%"
"05.10.2021","92,471","92,471","92,471","92,471","-1,09%"
"04.10.2021","93,491","93,491","93,491","93,491","0,13%"
"01.10.2021","93,374","93,374","93,374","93,374","0,08%"
"30.09.2021","93,302","93,302","93,302","93,302","-0,76%"
"29.09.2021","94,018","94,018","94,018","94,018","0,04%"
"28.09.2021","93,985","93,985","93,985","93,985","-0,54%"
"27.09.2021","94,496","94,496","94,496","94,496","-0,47%"
"24.09.2021","94,939","94,939","94,939","94,939","-0,51%"
"23.09.2021","95,429","95,429","95,429","95,429","-1,19%"
"22.09.2021","96,576","96,576","96,576","96,576","-0,07%"
"21.09.2021","96,643","96,643","96,643","96,643","0,01%"
"20.09.2021","96,636","96,636","96,636","96,636","0,65%"
"17.09.2021","96,010","96,010","96,010","96,010","-0,62%"
"16.09.2021","96,606","96,606","96,606","96,606","-0,65%"
"15.09.2021","97,238","97,238","97,238","97,238","-0,27%"
"14.09.2021","97,497","97,497","97,497","97,497","0,19%"
"13.09.2021","97,309","97,309","97,309","97,309","0,06%"
"10.09.2021","97,252","97,252","97,252","97,252","-0,03%"
"09.09.2021","97,285","97,285","97,285","97,285","-0,04%"
"08.09.2021","97,328","97,328","97,328","97,328","0,20%"
"07.09.2021","97,132","97,132","97,132","97,132","-0,57%"
"06.09.2021","97,686","97,686","97,686","97,686","0,34%"
"03.09.2021","97,358","97,358","97,358","97,358","-0,49%"
"02.09.2021","97,834","97,834","97,834","97,834","0,20%"
"01.09.2021","97,641","97,641","97,641","97,641","0,36%"
"31.08.2021","97,291","97,291","97,291","97,291","-0,76%"
"30.08.2021","98,034","98,034","98,034","98,034","0,01%"
"27.08.2021","98,024","98,024","98,024","98,024","0,15%"
"26.08.2021","97,879","97,879","97,879","97,879","0,01%"
"25.08.2021","97,867","97,867","97,867","97,867","-0,89%"
"24.08.2021","98,745","98,745","98,745","98,745","0,01%"
"23.08.2021","98,731","98,731","98,731","98,731","-0,13%"
"20.08.2021","98,864","98,864","98,864","98,864","0,05%"
"19.08.2021","98,814","98,814","98,814","98,814","0,27%"
"18.08.2021","98,551","98,551","98,551","98,551","-0,23%"
"17.08.2021","98,778","98,778","98,778","98,778","0,16%"
"16.08.2021","98,623","98,623","98,623","98,623","0,13%"
"13.08.2021","98,498","98,498","98,498","98,498","0,26%"
"12.08.2021","98,246","98,246","98,246","98,246","-0,42%"
"11.08.2021","98,656","98,656","98,656","98,656","-0,04%"
"10.08.2021","98,695","98,695","98,695","98,695","0,02%"
"09.08.2021","98,675","98,675","98,675","98,675","0,86%"
"06.08.2021","97,837","97,837","97,837","97,837","-1,20%"
"05.08.2021","99,028","99,028","99,028","99,028","0,19%"
"04.08.2021","98,837","98,837","98,837","98,837","-0,15%"
"03.08.2021","98,990","98,990","98,990","98,990","0,47%"
"02.08.2021","98,528","98,528","98,528","98,528","0,27%"
"30.07.2021","98,261","98,261","98,261","98,261","-0,01%"
"29.07.2021","98,267","98,267","98,267","98,267","0,00%"
"28.07.2021","98,265","98,265","98,265","98,265","-0,08%"
"27.07.2021","98,347","98,347","98,347","98,347","0,13%"
"26.07.2021","98,220","98,220","98,220","98,220","0,22%"
"23.07.2021","98,003","98,003","98,003","98,003","-0,07%"
"22.07.2021","98,076","98,076","98,076","98,076","0,60%"
"21.07.2021","97,494","97,494","97,494","97,494","-0,76%"
"20.07.2021","98,239","98,239","98,239","98,239","0,26%"
"19.07.2021","97,982","97,982","97,982","97,982","1,22%"
"16.07.2021","96,803","96,803","96,803","96,803","0,52%"
"15.07.2021","96,304","96,304","96,304","96,304","-0,62%"
"14.07.2021","96,909","96,909","96,909","96,909","0,04%"
"13.07.2021","96,872","96,872","96,872","96,872","0,48%"
"12.07.2021","96,406","96,406","96,406","96,406","0,31%"
"09.07.2021","96,106","96,106","96,106","96,106","-0,87%"
"08.07.2021","96,945","96,945","96,945","96,945","0,04%"
"07.07.2021","96,909","96,909","96,909","96,909","0,53%"
"06.07.2021","96,399","96,399","96,399","96,399","1,00%"
"05.07.2021","95,441","95,441","95,441","95,441","-0,10%"
"02.07.2021","95,536","95,536","95,536","95,536","0,24%"
"01.07.2021","95,308","95,308","95,308","95,308","-0,07%"
"30.06.2021","95,373","95,373","95,373","95,373","0,07%"
"29.06.2021","95,305","95,305","95,305","95,305","-0,11%"
"28.06.2021","95,409","95,409","95,409","95,409","0,59%"
"25.06.2021","94,845","94,845","94,845","94,845","-0,48%"
"24.06.2021","95,306","95,306","95,306","95,306","0,48%"
"23.06.2021","94,854","94,854","94,854","94,854","-0,11%"
"22.06.2021","94,961","94,961","94,961","94,961","-0,52%"
"21.06.2021","95,455","95,455","95,455","95,455","-0,10%"
"18.06.2021","95,546","95,546","95,546","95,546","0,72%"
"17.06.2021","94,865","94,865","94,865","94,865","-0,25%"
"16.06.2021","95,103","95,103","95,103","95,103","0,18%"
"15.06.2021","94,936","94,936","94,936","94,936","-0,13%"
"14.06.2021","95,056","95,056","95,056","95,056","-0,29%"
"11.06.2021","95,337","95,337","95,337","95,337","0,52%"
"10.06.2021","94,846","94,846","94,846","94,846","-0,25%"
"09.06.2021","95,086","95,086","95,086","95,086","0,52%"
"08.06.2021","94,597","94,597","94,597","94,597","0,41%"
"07.06.2021","94,213","94,213","94,213","94,213","-0,19%"
"04.06.2021","94,395","94,395","94,395","94,395","0,43%"
"03.06.2021","93,987","93,987","93,987","93,987","-0,42%"
"02.06.2021","94,387","94,387","94,387","94,387","0,27%"
"01.06.2021","94,130","94,130","94,130","94,130","-0,59%"
"31.05.2021","94,692","94,692","94,692","94,692","0,01%"
"28.05.2021","94,680","94,680","94,680","94,680","0,25%"
"27.05.2021","94,443","94,443","94,443","94,443","-0,58%"
"26.05.2021","94,991","94,991","94,991","94,991","0,50%"
"25.05.2021","94,523","94,523","94,523","94,523","0,43%"
"24.05.2021","94,121","94,121","94,121","94,121","0,35%"
"21.05.2021","93,797","93,797","93,797","93,797","0,09%"
"20.05.2021","93,710","93,710","93,710","93,710","-0,02%"
"19.05.2021","93,727","93,727","93,727","93,727","0,25%"
"18.05.2021","93,492","93,492","93,492","93,492","-0,13%"
"17.05.2021","93,616","93,616","93,616","93,616","0,12%"
"14.05.2021","93,507","93,507","93,507","93,507","0,45%"
"13.05.2021","93,085","93,085","93,085","93,085","-0,23%"
"12.05.2021","93,295","93,295","93,295","93,295","-0,55%"
"11.05.2021","93,813","93,813","93,813","93,813","-0,79%"
"10.05.2021","94,563","94,563","94,563","94,563","-0,29%"
"07.05.2021","94,840","94,840","94,840","94,840","0,18%"
"06.05.2021","94,673","94,673","94,673","94,673","0,11%"
"05.05.2021","94,573","94,573","94,573","94,573","-0,34%"
"04.05.2021","94,899","94,899","94,899","94,899","0,65%"
"03.05.2021","94,282","94,282","94,282","94,282","0,01%"
"30.04.2021","94,272","94,272","94,272","94,272","0,10%"
"29.04.2021","94,175","94,175","94,175","94,175","-0,48%"
"28.04.2021","94,632","94,632","94,632","94,632","-0,24%"
"27.04.2021","94,863","94,863","94,863","94,863","-0,16%"
"26.04.2021","95,016","95,016","95,016","95,016","-0,03%"
"23.04.2021","95,047","95,047","95,047","95,047","-0,19%"
"22.04.2021","95,231","95,231","95,231","95,231","0,24%"
"21.04.2021","95,006","95,006","95,006","95,006","-0,20%"
"20.04.2021","95,193","95,193","95,193","95,193","0,24%"
"19.04.2021","94,962","94,962","94,962","94,962","0,17%"
"16.04.2021","94,799","94,799","94,799","94,799","-0,53%"
"15.04.2021","95,306","95,306","95,306","95,306","1,07%"
"14.04.2021","94,294","94,294","94,294","94,294","-0,39%"
"13.04.2021","94,666","94,666","94,666","94,666","0,05%"
"12.04.2021","94,621","94,621","94,621","94,621","-0,01%"
"09.04.2021","94,631","94,631","94,631","94,631","-0,23%"
"08.04.2021","94,848","94,848","94,848","94,848","0,38%"
"07.04.2021","94,493","94,493","94,493","94,493","0,08%"
"06.04.2021","94,418","94,418","94,418","94,418","0,12%"
"05.04.2021","94,305","94,305","94,305","94,305","0,02%"
"01.04.2021","94,290","94,290","94,290","94,290","0,54%"
"31.03.2021","93,783","93,783","93,783","93,783","-0,17%"
"30.03.2021","93,938","93,938","93,938","93,938","-0,68%"
"29.03.2021","94,582","94,582","94,582","94,582","-0,49%"
"26.03.2021","95,051","95,051","95,051","95,051","-0,35%"
"25.03.2021","95,387","95,387","95,387","95,387","0,37%"
"24.03.2021","95,038","95,038","95,038","95,038","0,22%"
"23.03.2021","94,833","94,833","94,833","94,833","0,65%"
"22.03.2021","94,222","94,222","94,222","94,222","0,29%"
"19.03.2021","93,945","93,945","93,945","93,945","0,46%"
"18.03.2021","93,516","93,516","93,516","93,516","-0,49%"
"17.03.2021","93,981","93,981","93,981","93,981","-0,54%"
"16.03.2021","94,488","94,488","94,488","94,488","0,09%"
"15.03.2021","94,403","94,403","94,403","94,403","0,41%"
"12.03.2021","94,022","94,022","94,022","94,022","-1,10%"
"11.03.2021","95,071","95,071","95,071","95,071","-0,52%"
"10.03.2021","95,567","95,567","95,567","95,567","0,11%"
"09.03.2021","95,460","95,460","95,460","95,460","0,51%"
"08.03.2021","94,975","94,975","94,975","94,975","0,24%"
"05.03.2021","94,751","94,751","94,751","94,751","-0,31%"
"04.03.2021","95,041","95,041","95,041","95,041","0,60%"
"03.03.2021","94,475","94,475","94,475","94,475","-0,92%"
"02.03.2021","95,355","95,355","95,355","95,355","0,96%"
"01.03.2021","94,446","94,446","94,446","94,446","0,72%"
"26.02.2021","93,772","93,772","93,772","93,772","-0,14%"
"25.02.2021","93,904","93,904","93,904","93,904","0,06%"
"24.02.2021","93,850","93,850","93,850","93,850","-0,98%"
"23.02.2021","94,779","94,779","94,779","94,779","-0,72%"
"22.02.2021","95,462","95,462","95,462","95,462","0,11%"
"19.02.2021","95,355","95,355","95,355","95,355","-0,84%"
"18.02.2021","96,163","96,163","96,163","96,163","-0,58%"
"17.02.2021","96,727","96,727","96,727","96,727","0,77%"
"16.02.2021","95,989","95,989","95,989","95,989","-0,63%"
"15.02.2021","96,598","96,598","96,598","96,598","-0,81%"
"12.02.2021","97,388","97,388","97,388","97,388","-0,71%"
"11.02.2021","98,086","98,086","98,086","98,086","0,18%"
"10.02.2021","97,909","97,909","97,909","97,909","-0,37%"
"09.02.2021","98,275","98,275","98,275","98,275","0,35%"
"08.02.2021","97,933","97,933","97,933","97,933","0,18%"
"05.02.2021","97,760","97,760","97,760","97,760","-0,81%"
"04.02.2021","98,556","98,556","98,556","98,556","-0,98%"
"03.02.2021","99,535","99,535","99,535","99,535","-0,24%"
"02.02.2021","99,778","99,778","99,778","99,778","-0,44%"
"01.02.2021","100,223","100,223","100,223","100,223","0,03%"
"29.01.2021","100,189","100,189","100,189","100,189","-0,68%"
"28.01.2021","100,871","100,871","100,871","100,871","-0,14%"
"27.01.2021","101,017","101,017","101,017","101,017","0,14%"
"26.01.2021","100,873","100,873","100,873","100,873","-0,12%"
"25.01.2021","100,993","100,993","100,993","100,993","0,81%"
"22.01.2021","100,184","100,184","100,184","100,184","0,18%"